1	G	Q	0.025707108063587114
1	G	E	-0.21044849012598732
1	G	N	-0.02290372256013029
1	G	H	0.1460697379391851
1	G	D	-0.09156888836593513
1	G	R	-0.04164405749769706
1	G	K	0.08614627548820053
1	G	T	0.22199810825371813
1	G	S	0.1268808325882258
1	G	A	0.0577556385237612
1	G	M	-0.04875557534083885
1	G	L	0.01039723198990572
1	G	V	0.08715897258630001
1	G	I	-0.06729901226057855
1	G	W	-0.008500780157428167
1	G	Y	0.10696164136075126
1	G	F	0.15532794875588252
1	G	P	0.16166719673417873
1	G	C	0.3669765992048042
2	K	Q	-0.4887204549441324
2	K	E	-0.7917523285066466
2	K	N	-0.5023707805825213
2	K	H	-0.1905832387389097
2	K	D	-1.0789437942781062
2	K	R	0.12802386944753152
2	K	T	-0.2909204046967262
2	K	S	-0.5608881291355678
2	K	A	-0.3830374094552047
2	K	G	-0.6412029913525288
2	K	M	-0.2680833447867128
2	K	L	-0.05257648629801359
2	K	V	-0.014538864159201026
2	K	I	-0.07581687230501188
2	K	W	-0.35147903595239116
2	K	Y	-0.15690830439352776
2	K	F	-0.08085806667509132
2	K	P	0.03415154423703015
2	K	C	0.10549463998519393
3	E	Q	0.14543029442145095
3	E	N	-0.4161084661926311
3	E	H	-0.2762301543903889
3	E	D	-0.3634675123533313
3	E	R	-0.06885609418570127
3	E	K	-0.6950428842938101
3	E	T	0.12864384396497286
3	E	S	-0.19038350978332197
3	E	A	-0.16286599849647754
3	E	G	-0.541814950206108
3	E	M	0.018549624649871532
3	E	L	-0.15277987969469642
3	E	V	0.12843761864014347
3	E	I	0.24556051219906205
3	E	W	-0.03156803324367896
3	E	Y	-0.30433843663547044
3	E	F	-0.2774914634821064
3	E	P	-0.28268246919004714
3	E	C	0.6328754552549825
4	L	Q	-0.4900376966708473
4	L	E	-1.3722217893235493
4	L	N	-1.9357948007215562
4	L	H	-0.8495789456181271
4	L	D	-2.49385128006118
4	L	R	-0.5178718962170112
4	L	K	-0.20961259856754522
4	L	T	-0.943250722606451
4	L	S	-1.3755216532213286
4	L	A	-1.5169785129387274
4	L	G	-2.730384286637153
4	L	M	-0.17084500828378157
4	L	V	-0.8422784295200936
4	L	I	-0.8845047701895714
4	L	W	0.24199590603435261
4	L	F	0.40847136027126574
4	L	P	-2.3717010711126365
4	L	C	-0.39907059920252497
5	V	N	-4.823038805849356
5	V	H	-2.7252574818100204
5	V	R	-3.432313237654415
5	V	T	-2.842645684591772
5	V	S	-3.0325430889629943
5	V	A	-0.30680906999730606
5	V	G	-0.004077428977717901
5	V	M	-1.8933113636966095
5	V	L	-0.29574344270957376
5	V	I	-1.0952069546144205
5	V	W	-1.1627248609241234
5	V	Y	-0.8167572166515402
5	V	F	-1.4873762538661666
5	V	C	-0.05818489301806995
6	L	Q	-0.4989729365850337
6	L	E	-0.4862681841743943
6	L	N	-3.340276049987362
6	L	H	-2.219044537381498
6	L	D	-4.810026604588577
6	L	R	-0.8063720604206841
6	L	K	-1.150780345055201
6	L	T	-1.2728272266866272
6	L	S	-2.0419324725831487
6	L	A	-1.65509527597175
6	L	G	-3.3886931825605133
6	L	M	0.20857278191555384
6	L	V	0.3201067286157979
6	L	I	0.5621328073757628
6	L	W	-1.2256866132416606
6	L	Y	-0.35223290832539833
6	L	F	-0.7305272739079598
6	L	C	-0.7388654139743855
7	A	R	-4.259326157085141
7	A	K	-4.399668725687104
7	A	T	-2.5821834895636417
7	A	S	-1.7595499082621728
7	A	G	-2.77208097376909
7	A	M	-3.436393992477687
7	A	L	-3.4715612122773964
7	A	V	-0.553398227443592
7	A	I	-3.1186078374891633
7	A	W	-3.693999321336347
7	A	Y	-4.0051792561700035
7	A	F	-4.09866312973953
7	A	C	-0.1038444332775672
8	L	Q	-2.270647144348957
8	L	E	-2.475064301176901
8	L	N	-3.1866987000615623
8	L	H	-2.9441674893911536
8	L	D	-3.6261865607483714
8	L	R	-1.9328970465237605
8	L	K	-1.7757714906535984
8	L	T	-2.367855970410792
8	L	S	-3.010300487408892
8	L	A	-2.461299833125281
8	L	G	-3.48558169722151
8	L	M	-0.7244074218628223
8	L	V	-1.1026827874674865
8	L	I	-0.539665656556723
8	L	W	-2.494097250757578
8	L	Y	-2.421033964013043
8	L	F	-2.55872769700817
8	L	C	-1.027771338798372
9	Y	Q	-0.05153548821654841
9	Y	E	-0.613573125070638
9	Y	N	-1.0020866781218394
9	Y	H	-0.32702721514261635
9	Y	D	-1.366528511432489
9	Y	R	0.46993151790442944
9	Y	K	0.055756568908657655
9	Y	T	-1.2475669322242426
9	Y	S	-1.0993109202223144
9	Y	A	-0.23963194035298319
9	Y	G	-1.8125685393578106
9	Y	M	-0.28232516355833503
9	Y	L	-0.6277675011028938
9	Y	V	-0.3630907146029063
9	Y	I	-0.7463284999934641
9	Y	W	-0.3877918771178801
9	Y	F	-0.07016537890386587
9	Y	C	0.08970002405136412
10	D	Q	-2.5339549831697643
10	D	E	-1.7924533379849787
10	D	N	-1.0401701486208546
10	D	H	-1.692199595148371
10	D	R	-2.5944867467001616
10	D	K	-2.7793197074831575
10	D	T	-1.4734868232529204
10	D	S	-0.7676871178577072
10	D	A	-1.2195219152492776
10	D	G	-1.648270990684788
10	D	M	-2.350767228669791
10	D	L	-3.1673546943758555
10	D	V	-3.2769370501218273
10	D	I	-3.48055989246501
10	D	W	-2.289630464889038
10	D	Y	-1.8817245334185446
10	D	F	-2.1673078039374882
10	D	P	-1.7123378549992934
10	D	C	-1.5624630624223954
11	Y	H	-2.3627686112308877
11	Y	R	-3.006860339172687
11	Y	A	-4.857221982107529
11	Y	M	-4.270173321420731
11	Y	L	-4.202848975200862
11	Y	V	-3.8083341663525587
11	Y	I	-4.237221706608733
11	Y	W	-0.2358739768079734
11	Y	F	-1.051527149050691
11	Y	C	-3.849567479124656
12	Q	E	0.25824942353166414
12	Q	N	0.07551117012128472
12	Q	H	0.08654699907924712
12	Q	D	0.18167878484855393
12	Q	R	-0.26115349521163633
12	Q	K	0.11653650529839688
12	Q	T	0.17084963253011765
12	Q	S	-0.31902874128606395
12	Q	A	-0.11726377107620323
12	Q	G	-1.203810651599047
12	Q	M	-0.10566515908771024
12	Q	L	-0.07727804305585195
12	Q	V	0.07705414656525811
12	Q	I	0.07472548684138669
12	Q	W	-0.11168382395211651
12	Q	Y	0.11612287112888797
12	Q	F	0.1910913893221995
12	Q	P	-1.6751398728870623
12	Q	C	-0.18483472237891885
13	E	Q	0.08811931680827989
13	E	N	-1.2627767000905794
13	E	H	-0.7921823273851016
13	E	D	-2.0647398186521912
13	E	R	-0.05707235845042291
13	E	K	0.19989626202818922
13	E	T	-0.8421233717630141
13	E	S	0.4804972675304482
13	E	G	0.6132007706320612
13	E	M	-0.005074711138526311
13	E	L	-1.1806318067601822
13	E	V	-1.4727682274081433
13	E	I	-1.5329227868198299
13	E	W	-1.6188911767797176
13	E	Y	-1.9297877603595701
13	E	F	-1.453113146741262
13	E	P	0.16752741182138475
13	E	C	0.0357184732799789
14	K	Q	0.15938741972666115
14	K	E	-1.041227173586861
14	K	N	-0.37840182136916534
14	K	H	-0.877211152281963
14	K	D	-1.6900045484407187
14	K	R	-0.05553530098255699
14	K	T	-0.1919122943710212
14	K	S	-0.5968398658591783
14	K	A	-0.25264494849727903
14	K	G	-1.046279680160886
14	K	M	-0.3874627492831171
14	K	L	-0.7668754040920964
14	K	V	-0.9346082004570855
14	K	I	-1.4231310079193529
14	K	W	-2.1874093509831978
14	K	Y	-1.863973682608271
14	K	F	-1.719492203340017
14	K	P	-2.2347921891965514
14	K	C	-0.33680635603570863
15	S	Q	-1.0520719798287037
15	S	E	-0.8961234695975921
15	S	N	-0.16491611488129898
15	S	H	-0.20284699903448544
15	S	D	-0.3838183363842598
15	S	R	-0.7166037328140238
15	S	K	-1.2620723850552942
15	S	T	-0.24244925249343208
15	S	A	-0.8045851559583155
15	S	G	-0.13205741454221886
15	S	M	-1.2119256671258594
15	S	L	-0.9158848633580741
15	S	V	-2.222891536412141
15	S	I	-2.084584235442361
15	S	W	-1.6061968292836104
15	S	Y	-1.508968242608427
15	S	F	-1.6762711208074834
15	S	P	-2.157775075881907
15	S	C	-0.5351373855532362
16	P	Q	-0.623023536580622
16	P	E	-0.23895220098638736
16	P	N	-0.6094906128959616
16	P	H	-0.5379217572027373
16	P	D	-0.16763050713326066
16	P	R	-0.6312745700397886
16	P	K	-0.5772112488329944
16	P	T	-0.5130801151246023
16	P	S	-0.2785247184698383
16	P	A	-0.07261053282793384
16	P	G	-0.6796072902369046
16	P	M	-0.7633177773863769
16	P	L	-0.7995004509881705
16	P	V	-0.7305313562395339
16	P	I	-0.6253916696291828
16	P	W	-0.6158519830393923
16	P	Y	-0.7132019417912483
16	P	F	-0.7500910154366878
16	P	C	-0.6859465697705671
17	R	Q	-0.09295528836962141
17	R	E	0.03497757488324904
17	R	N	0.11584251604014639
17	R	H	-0.01095563986660153
17	R	D	-0.2172788110847632
17	R	K	-0.37505446600802905
17	R	T	-0.3614406265580681
17	R	S	-0.1464053894904822
17	R	A	-0.19683666222636909
17	R	G	0.1979851429243773
17	R	M	-0.10029140986621954
17	R	L	-0.15300042715280604
17	R	V	-0.440914056162899
17	R	I	-0.27852158076308253
17	R	W	0.47079072803432176
17	R	Y	0.017763335529303426
17	R	F	0.05494881193075862
17	R	P	-1.719153412170284
17	R	C	0.14256831386730706
18	E	Q	-0.31305226267743613
18	E	N	-1.905948801891168
18	E	H	-1.3947562680404948
18	E	D	-1.6488807241357613
18	E	R	-2.0775179009622065
18	E	K	-2.231446601374313
18	E	T	-0.8285758627450064
18	E	S	-1.3234420085807779
18	E	A	-1.4322934953002542
18	E	G	-0.1405965755684182
18	E	M	-1.794430923868508
18	E	L	-1.8132656077582174
18	E	V	-1.9706412389450674
18	E	I	-2.351195909705522
18	E	W	-2.3826918064642664
18	E	Y	-1.6738405712058944
18	E	F	-1.4404585124962859
18	E	P	-2.038105478262813
18	E	C	-1.245370927346786
19	V	Q	-2.895070887882387
19	V	N	-2.5996696498527054
19	V	H	-2.642805632162525
19	V	R	-3.4618655752046887
19	V	K	-3.639547544855156
19	V	T	-1.7104538299494192
19	V	S	-3.257943168886707
19	V	A	-1.8746323306185335
19	V	G	-3.3351358806925737
19	V	M	-0.003495895904583435
19	V	L	0.5439730665939102
19	V	I	0.3624023578831057
19	V	W	-1.893072883275912
19	V	Y	-2.37077784182418
19	V	F	0.024812170719211046
19	V	P	-4.284178645541634
19	V	C	-0.6822500475024302
20	T	Q	-2.145029656257586
20	T	E	-2.646236302339002
20	T	N	-1.6134756862940862
20	T	H	-2.2983978630881925
20	T	D	-2.5195947740793825
20	T	R	-1.6552762952204132
20	T	K	-2.3395625083610234
20	T	S	0.5827649915650168
20	T	A	-1.457854891064171
20	T	G	-1.1660604300920117
20	T	M	-2.256798955047062
20	T	L	-3.106464613174943
20	T	V	-2.9098420242169762
20	T	I	-3.0341012956855873
20	T	W	-2.1514561708132387
20	T	Y	-2.1478287142202213
20	T	F	-2.1713554101114827
20	T	P	-1.5998907048773088
20	T	C	-1.5106977680506541
21	M	Q	-4.202753797421734
21	M	T	-2.7637042176824114
21	M	A	-3.3597450085156217
21	M	L	-0.8828372678115941
21	M	V	-0.798084172762576
21	M	I	0.1530009086426709
21	M	W	-3.9371107394553806
21	M	Y	-3.8146478981610703
21	M	F	-0.46781284950985835
21	M	C	-1.5126250643136387
22	K	Q	-0.6988778284463564
22	K	E	-1.7211492675596074
22	K	N	-0.9773018301009007
22	K	H	-0.5261579564757173
22	K	D	-2.569030303962252
22	K	R	-0.10727947873463073
22	K	T	-0.7256402094365302
22	K	S	-0.8415385566397702
22	K	A	-0.9655622367432461
22	K	G	-2.073789503005697
22	K	M	-0.6845292065576842
22	K	L	-0.8836330688378702
22	K	V	-0.7311467609164222
22	K	I	-0.9024309112683606
22	K	W	-0.5028145843790353
22	K	Y	-0.20796399209304717
22	K	F	-0.19537199678091177
22	K	C	-0.3755418899364744
23	K	Q	-0.7570263180026364
23	K	E	-1.406092816556077
23	K	N	-2.2494857980219924
23	K	H	-1.8296510574593157
23	K	D	-3.2743609741057074
23	K	R	-0.46232313798024727
23	K	T	-1.5281820902017422
23	K	S	-1.2371080721723282
23	K	A	-0.21087693311661537
23	K	G	-1.964993087443339
23	K	M	-1.030291180089741
23	K	L	-1.8172588553523932
23	K	V	-1.1933566437207581
23	K	I	-1.638392712955012
23	K	W	-2.6700333504155664
23	K	Y	-2.0911838274236354
23	K	F	-1.8655573325779855
23	K	P	-2.894276244494347
23	K	C	-1.085698291512787
24	G	Q	-3.5869313123548654
24	G	E	-3.3152796601111203
24	G	N	-1.6348722579844415
24	G	H	-1.9693445849315037
24	G	D	-1.8204757561292042
24	G	R	-3.2227121837332744
24	G	K	-3.4364311176066273
24	G	T	-3.5548978577542556
24	G	S	-2.8588190029918428
24	G	A	-2.8616112147851154
24	G	M	-2.7187269818780564
24	G	L	-3.129358367577472
24	G	W	-1.5305496593049472
24	G	Y	-1.9564857446444721
24	G	F	-1.8768697464872934
24	G	C	-0.8765831327951941
25	D	Q	0.4009855082372189
25	D	E	-0.291700506087615
25	D	N	-1.332200794427849
25	D	H	-1.8052935055022976
25	D	R	-2.670752188597361
25	D	K	-2.4650004312599005
25	D	T	-1.0034408383756022
25	D	S	-1.0899719180064142
25	D	A	-1.1807714030701835
25	D	G	-2.1638051468798607
25	D	M	0.34185817655068806
25	D	L	-1.8316734971019644
25	D	V	-1.9528403391534592
25	D	I	-2.3023607433548534
25	D	W	0.0024910604756067656
25	D	Y	-1.77818347554307
25	D	F	-1.9905511677628671
25	D	P	-4.50987226432523
25	D	C	-1.329159361266373
26	I	Q	-2.0924807320016394
26	I	E	-2.7293152197374098
26	I	N	-3.0758752763483046
26	I	H	-2.1504869719463455
26	I	R	-1.8130892158907326
26	I	K	-1.898414746946115
26	I	T	-1.5176168710182867
26	I	S	-2.913731955127845
26	I	A	-2.856218651863177
26	I	G	-5.069789981084732
26	I	M	-1.3360463330226038
26	I	L	-0.8908019123448421
26	I	V	-0.3771663545896491
26	I	W	-1.920498866889857
26	I	Y	-1.4385554710690815
26	I	F	-1.6012290525099306
26	I	P	-4.138508218139153
26	I	C	-1.5841592109394842
27	L	N	-4.531700592202786
27	L	H	-2.830110649797274
27	L	R	-3.9871524753997845
27	L	T	-4.419900629925096
27	L	S	-3.432125262316165
27	L	A	-1.0666297723431089
27	L	G	-0.2223397020319684
27	L	M	0.09405082866272174
27	L	V	-1.4850228260133451
27	L	I	-1.298293366734506
27	L	W	-2.906468840247282
27	L	Y	-0.41543703988404834
27	L	F	-1.39293627256815
27	L	P	-4.029307272040496
27	L	C	-0.5660042807927232
28	T	Q	-0.3960547099493792
28	T	E	-0.2534508183795152
28	T	N	-0.9844017695958631
28	T	H	-0.7109226093517007
28	T	D	-1.8522571209678351
28	T	R	-0.2552989728235495
28	T	K	-0.39214731163247674
28	T	S	-0.8602996278179811
28	T	A	-0.48711144495523584
28	T	G	-0.8838061329956992
28	T	M	-0.26581088637102335
28	T	L	0.14148480196317514
28	T	V	0.37135820666165653
28	T	I	0.3646808069583374
28	T	W	-0.11931029075871447
28	T	Y	-0.19703962861014546
28	T	F	-0.28212640554484736
28	T	C	-0.6433818252033374
29	L	H	-4.531450314040148
29	L	R	-4.049089300774915
29	L	K	-3.381480533238755
29	L	T	-4.22081593051332
29	L	S	-3.720422694813758
29	L	A	-3.34634569013771
29	L	M	-2.6031870478209305
29	L	V	-1.5813622099036762
29	L	I	-2.066940993337536
29	L	W	-3.8340925554495513
29	L	Y	-3.612009672307049
29	L	F	-2.7272660781696607
29	L	C	-1.341456281357769
30	L	Q	-2.4900796376011165
30	L	E	-3.057924153049908
30	L	N	-3.38865706454571
30	L	H	-1.848276787133364
30	L	D	-4.210014229061183
30	L	R	-2.381985892133663
30	L	K	-2.0927668381570523
30	L	T	-2.044345847423907
30	L	S	-2.9913134307059748
30	L	A	-2.859097078273715
30	L	G	-4.292356405539961
30	L	M	-1.1372402703418314
30	L	V	-0.3526363695061674
30	L	I	0.27284415099941217
30	L	W	-1.7061045548464566
30	L	Y	-2.3113252321578424
30	L	F	-2.3313511263813957
30	L	C	-1.2296589383953904
31	N	Q	-0.6684448509631613
31	N	E	0.18256078260848518
31	N	H	-1.3094305340455596
31	N	D	0.6491498781333558
31	N	R	-1.2979338466854449
31	N	K	-1.304590796037179
31	N	T	-1.0962600850260982
31	N	S	-0.07134424227077929
31	N	A	-0.528428623276457
31	N	G	-1.4957378793623652
31	N	M	-0.7300224641889761
31	N	L	-0.754327244383727
31	N	V	-0.9606392606347991
31	N	I	-1.0265046681713557
31	N	W	-1.0572386782574403
31	N	Y	-1.2312864173039157
31	N	F	-1.3049837226490952
31	N	P	-2.97087728601016
31	N	C	-0.043925030381810615
32	S	Q	-0.771437994017091
32	S	E	0.1979143768661764
32	S	N	-0.8398845481050259
32	S	H	-0.8160518150194882
32	S	D	0.5872224306286986
32	S	R	-1.0010563629116693
32	S	K	-1.3021948261187983
32	S	T	-0.8157432267224394
32	S	A	-0.13021247756373988
32	S	G	-0.4284638880837406
32	S	M	-0.7718149292020176
32	S	L	-2.0084406935453627
32	S	V	-1.4532975215762773
32	S	I	-1.4636733768096382
32	S	W	-0.4308407762223583
32	S	Y	-1.0546144661822594
32	S	F	-1.332579159614979
32	S	P	-1.6728702948334422
32	S	C	-0.12958894283992084
33	T	Q	-0.21211770693044407
33	T	E	0.16373588063377476
33	T	N	-0.16169923181297463
33	T	H	-0.3023097200358351
33	T	D	0.4102836130983949
33	T	R	-0.3472998358982613
33	T	K	-0.3340296446138882
33	T	S	0.09019775563877452
33	T	A	-0.13007125811442943
33	T	G	-0.5949656210999343
33	T	M	-0.4224062047636723
33	T	L	-0.567034826157347
33	T	V	-0.5973687408649879
33	T	I	-0.7749919093033801
33	T	W	-0.7626756106676993
33	T	Y	-0.6261201310004592
33	T	F	-0.6469541970097792
33	T	P	-2.493157138209713
33	T	C	0.012300819255703033
34	N	Q	-0.6909206468566111
34	N	E	-0.4482378633741462
34	N	H	-0.2743103670951239
34	N	D	0.5573876914332097
34	N	R	-0.5815747180318742
34	N	K	-1.3195519293401068
34	N	T	-1.5221395438021834
34	N	S	-0.6347847863754028
34	N	A	-0.8135956334858405
34	N	G	-0.7551005264849726
34	N	M	-0.8368308928481669
34	N	L	-0.7999573342350907
34	N	V	-1.9847257701298888
34	N	I	-1.6641645961607452
34	N	W	-1.2212085035350846
34	N	Y	-0.7553374051465651
34	N	F	-0.9606844596061883
34	N	P	-2.0858548703289475
34	N	C	-0.4176686408999384
35	K	Q	-0.32510733993377716
35	K	E	-0.49658969495626426
35	K	N	-0.16397305169402276
35	K	H	-0.2342466898902602
35	K	D	-0.5539930146429883
35	K	R	-0.21491390274392952
35	K	T	-0.4674163063917023
35	K	S	-0.16447030367526239
35	K	A	-0.047471008199826414
35	K	G	-0.7894014047748374
35	K	M	-0.43890510713536646
35	K	L	-0.6258508119458619
35	K	V	-0.22208177158722808
35	K	I	-0.6010505144768303
35	K	W	-1.0896490321443286
35	K	Y	-0.9745446401660529
35	K	F	-0.8975673747728985
35	K	P	0.18722454694994273
35	K	C	-0.4231380188795244
36	D	Q	-0.16789007477096263
36	D	E	-0.23539946122251276
36	D	N	0.0717501483217049
36	D	H	0.3670402304703426
36	D	R	0.11940101992333219
36	D	K	0.09415185543265103
36	D	T	0.1968914521537357
36	D	S	-0.17368173042344814
36	D	A	-0.2609209538449777
36	D	G	-0.627467211717553
36	D	M	0.2456402801743458
36	D	L	0.13184398423141808
36	D	V	0.24514174462744087
36	D	I	0.2643415643147069
36	D	W	0.5947689726230934
36	D	Y	0.6913615795543002
36	D	F	0.6613792109943262
36	D	P	-3.163341714100174
36	D	C	0.24670269344708817
37	W	Q	-3.0461734060893573
37	W	E	-2.654797626149146
37	W	N	-3.383948350341197
37	W	H	-2.768358636480896
37	W	D	-4.511126709818869
37	W	R	-2.7405615462892245
37	W	K	-3.0711482264422907
37	W	T	-3.3582855986493048
37	W	S	-3.114730986754786
37	W	A	-3.3587544367878195
37	W	M	-1.831505433228822
37	W	L	-2.547030958231388
37	W	V	-2.9062303450075655
37	W	I	-2.803249316549861
37	W	Y	-1.410103091790866
37	W	F	-1.6205854843719036
37	W	C	-1.4929349368572984
38	W	Q	-4.248315110875932
38	W	N	-4.785970545804396
38	W	H	-3.2193373233604796
38	W	R	-3.8248277204457377
38	W	K	-4.0945218130094325
38	W	T	-3.0759442897270133
38	W	S	-3.099869143574478
38	W	A	-2.589909215872812
38	W	M	-2.529234061550404
38	W	L	-2.2265600868998496
38	W	V	-1.540067943638606
38	W	I	-2.0865339274233894
38	W	Y	-1.0583819037278182
38	W	F	-1.3761545879095567
38	W	P	-4.746134697506691
38	W	C	-2.337249664780881
39	K	Q	-0.09491602914585329
39	K	E	0.1704417153393587
39	K	N	-1.4597425964236317
39	K	H	-0.4893809064803514
39	K	D	-2.4883810396860158
39	K	R	-0.3755945164031531
39	K	T	-1.131528716453798
39	K	S	-1.1632824984707568
39	K	A	-1.0485958427333806
39	K	G	-1.857815850644342
39	K	M	0.3993527607678651
39	K	L	0.6652502157618869
39	K	V	0.05262966075259534
39	K	I	0.27065380847749054
39	K	W	0.22330667154855988
39	K	Y	0.5825975146208533
39	K	F	0.7064341106055263
39	K	P	-4.432304419409893
39	K	C	0.043454958031445834
40	V	A	-3.9751233689452956
40	V	M	-3.941306229830336
40	V	L	-2.3424929220727413
40	V	I	-1.043941215173675
40	V	Y	-4.649628629235029
40	V	F	-4.942882121870339
40	V	C	-1.6770197199914514
41	E	Q	0.02396609735955124
41	E	N	-1.6439557577348332
41	E	H	-1.452324624107868
41	E	D	-1.3442089847081364
41	E	R	-0.474420199707418
41	E	K	-0.7916897737652722
41	E	T	-1.183596993570827
41	E	S	-0.5239584728123412
41	E	A	-0.4056386020923952
41	E	G	-0.9797526452655312
41	E	M	-0.2899720391751992
41	E	L	-0.5749540483793361
41	E	V	-0.6148853163230874
41	E	I	-0.7945174190483923
41	E	W	-1.2827442298956622
41	E	Y	-1.3225418693233908
41	E	F	-1.3953519683759588
41	E	C	-0.057386914914802745
42	V	Q	0.36602608440625506
42	V	E	-2.4585024730616336
42	V	N	0.5060206878717919
42	V	D	-0.2587232819970504
42	V	T	0.39396820254922904
42	V	S	0.4216057393624908
42	V	A	0.11481743498086416
42	V	G	0.19463563388812766
42	V	M	0.11272480002798524
42	V	I	0.6701997458414031
42	V	W	-0.994537525697059
42	V	Y	-0.15962830778541193
42	V	F	0.706682664830363
42	V	C	-0.3279718165228527
43	N	Q	-0.11128517395463078
43	N	E	-0.016293294834978767
43	N	H	0.030683882207724444
43	N	D	0.12029848871154503
43	N	R	0.03865280702015461
43	N	K	0.07639030876384467
43	N	T	-0.7013613840913084
43	N	S	-0.5667263523665262
43	N	A	-0.20115360553113248
43	N	G	0.3227749216706082
43	N	M	-0.1313020855178415
43	N	L	-0.10574572388353864
43	N	V	-0.2825073064848702
43	N	I	-0.3691587096644473
43	N	W	-0.41335486399606625
43	N	Y	-0.08199395074677351
43	N	F	0.07194532180496171
43	N	P	-0.27333325212863
43	N	C	0.017971283842875607
44	D	Q	-0.28120818629769007
44	D	E	-0.11489535493873326
44	D	N	-0.029509768805439762
44	D	H	-0.30048054938969226
44	D	R	-0.6703966972844331
44	D	K	-0.408908099001573
44	D	T	-0.46347515355986957
44	D	S	-0.16980472791935064
44	D	A	-0.5121430833360403
44	D	M	-0.2882368698701514
44	D	L	-0.6383906889901736
44	D	V	-1.4730231157416735
44	D	I	-1.6599742172789256
44	D	W	-0.9584568360266106
44	D	Y	-0.5502642179296942
44	D	F	-0.463108694587008
44	D	P	-1.4266030482294623
44	D	C	0.009110087877765238
45	R	Q	-1.1859303806388062
45	R	E	-2.0121423788686386
45	R	N	-1.7919634122952983
45	R	H	-1.2149093857503708
45	R	D	-2.629147434013849
45	R	K	-0.3471458576900672
45	R	T	-1.3822095427793006
45	R	S	-1.6701264215113691
45	R	A	-1.6488301753809402
45	R	G	-2.1325714481492506
45	R	M	-1.3049331905731991
45	R	L	-1.400964243942067
45	R	V	-1.0965515696707588
45	R	I	-1.2013395333742354
45	R	W	-2.1896595903056806
45	R	Y	-2.014478459783619
45	R	F	-1.9593894021140317
45	R	C	-1.5358455289742334
46	Q	E	-0.41683362141341274
46	Q	N	-0.8730303475660852
46	Q	H	-0.946150017436004
46	Q	D	-1.3617650841106261
46	Q	R	-0.34736796660999936
46	Q	K	-0.5905936538129062
46	Q	T	-0.16366286866599644
46	Q	S	-0.25636946093772917
46	Q	A	-0.37014354514420233
46	Q	G	-1.543488858934479
46	Q	M	-0.6769101594823872
46	Q	L	-1.1274124269334194
46	Q	V	0.2019922556226561
46	Q	I	0.18192155491105133
46	Q	W	-0.9062672799676861
46	Q	Y	-1.213520066456852
46	Q	F	-1.150478058036021
46	Q	P	-1.6406861614986044
46	Q	C	-0.434547726666477
47	G	Q	-3.8420982814673885
47	G	E	-3.926779964982477
47	G	N	-4.534545045448977
47	G	H	-3.4590896334434866
47	G	R	-3.4087012605274025
47	G	K	-3.4752138938952455
47	G	T	-2.864164785818176
47	G	S	-3.5184608047708963
47	G	A	-2.461688477824558
47	G	M	-1.816225089294984
47	G	L	-2.0391447845322643
47	G	V	-2.1741780687359373
47	G	I	-2.1957198663331794
47	G	W	-2.3410256192664587
47	G	Y	-1.9738713256753808
47	G	F	-0.8949995524235024
47	G	C	-2.6866769552730987
48	F	Q	-2.7081320758032392
48	F	E	-2.281109404421197
48	F	N	-2.2937055204130035
48	F	H	-1.9767239366727285
48	F	D	-2.38302661148965
48	F	R	-2.7858576690578696
48	F	K	-2.911742647406521
48	F	T	-2.775753218770785
48	F	S	-2.8620194420083713
48	F	A	-3.2375437984970254
48	F	G	-4.1607011012561115
48	F	M	-0.9686271222238312
48	F	L	-0.8033550600673491
48	F	V	-1.4970531599556471
48	F	I	-1.421479076306443
48	F	W	0.38463161414345937
48	F	Y	0.32756082782635687
48	F	C	-0.21969378252820793
49	V	D	-4.877250656352819
49	V	T	-3.856687574070918
49	V	A	-2.7774724591440196
49	V	G	-4.77568229307103
49	V	M	-3.9574850794083107
49	V	L	-2.9900972744440217
49	V	I	-0.8757695514649821
49	V	Y	-5.118766960227441
49	V	C	-2.637821283345297
50	P	Q	-3.4403705348568554
50	P	E	-3.924645526810106
50	P	N	-3.291403990806587
50	P	H	-3.2913412996039977
50	P	D	-4.070604320931024
50	P	R	-2.3341515704615516
50	P	K	-2.5249842920254206
50	P	T	-4.0041657393174805
50	P	S	-3.2593571710796563
50	P	A	-3.401842000738117
50	P	G	-3.983867165791923
50	P	M	-2.7245548484831703
50	P	L	-2.736332837387527
50	P	V	-3.5573404196447314
50	P	I	-3.5345202345495013
50	P	W	-2.6196870580997236
50	P	Y	-2.990311049189559
50	P	F	-2.4297529697847198
50	P	C	-2.3309478162274475
51	A	Q	-1.6578580222344574
51	A	E	-2.782570051500743
51	A	N	-3.112401892027244
51	A	H	-2.8312966361714427
51	A	D	-3.8934343539644716
51	A	R	-0.035175246768648805
51	A	K	-1.4357564557373754
51	A	T	-1.722694277352955
51	A	S	-0.12625143128812155
51	A	G	-2.0770989533034534
51	A	M	-1.7397609194431274
51	A	L	-3.5299836202802446
51	A	V	-1.672742552430397
51	A	I	-2.8116728495344256
51	A	W	-3.493139305019359
51	A	Y	-3.16391209822096
51	A	F	-3.0555883022831303
51	A	P	-2.004619200604635
51	A	C	-1.1449392840610693
52	A	Q	-0.32612880010387624
52	A	E	-0.680690260114535
52	A	N	-0.04297917646811378
52	A	H	-0.22893216477868883
52	A	D	-0.8194784707178124
52	A	R	0.435317828960887
52	A	K	0.481214447800566
52	A	T	-0.4326883580298455
52	A	S	0.16319863715473026
52	A	G	-0.37158072951229215
52	A	M	-0.20241600211075284
52	A	L	-0.5350074871626673
52	A	V	-0.6611941590224681
52	A	I	-0.3681042664285661
52	A	W	-0.697344746267841
52	A	Y	-0.8245411943279022
52	A	F	-0.754788644613313
52	A	P	-1.0090997230952117
52	A	C	0.4178092650241245
53	Y	Q	-2.0917648603508954
53	Y	E	-3.8584715347381677
53	Y	N	-1.9699306289134504
53	Y	H	-1.513489551331376
53	Y	D	-3.000444557611491
53	Y	R	-1.7215581159012094
53	Y	K	-1.409896430374466
53	Y	T	-1.390513148678687
53	Y	S	-0.6848083722324381
53	Y	A	-0.4732403613282914
53	Y	G	-1.722994780617522
53	Y	M	-0.24290620069543323
53	Y	L	-0.13591117166479094
53	Y	V	-1.7402592763339282
53	Y	I	-1.3728211748743981
53	Y	W	-1.261664628226466
53	Y	F	-0.0899456056995449
53	Y	C	-0.3957237590858713
54	V	R	-5.081765075609827
54	V	T	-2.3783856583825362
54	V	S	-4.470578135418776
54	V	A	-2.72228714505494
54	V	G	-4.825878997786584
54	V	M	-1.5233016498132361
54	V	L	0.7885056118010549
54	V	I	-1.0289417574948296
54	V	W	-3.7955000344802237
54	V	Y	-4.145445313829212
54	V	F	-1.8108271630819237
54	V	P	-4.894811661620904
54	V	C	0.24083031226072382
55	K	Q	0.07395615112820053
55	K	E	-0.35940157980869625
55	K	N	-1.6751212243330889
55	K	H	-0.422203405038319
55	K	D	-1.587879124074456
55	K	R	0.051075012704902
55	K	T	0.053787162429648205
55	K	S	-0.4943724382826744
55	K	A	-0.0743792142019668
55	K	G	-1.0771021702855412
55	K	M	0.2941158871272114
55	K	L	-0.09374418464306533
55	K	V	0.49233684288465973
55	K	I	0.2671137851530858
55	K	W	-0.6427370154092067
55	K	Y	-0.4328487682181863
55	K	F	-0.31622245610288724
55	K	P	-4.431122402973548
55	K	C	0.7351756281380242
56	K	Q	-0.9233709916161095
56	K	E	-1.5606099320184628
56	K	N	-1.4028194174226565
56	K	H	-0.9524295953785562
56	K	D	-2.288805980974406
56	K	R	0.05266797433476533
56	K	T	-1.1162135861725284
56	K	S	-1.126048973014607
56	K	A	-0.9856018567029721
56	K	G	-1.9166325517030849
56	K	M	-0.35402977088198906
56	K	L	0.1719833365820378
56	K	V	-0.23554313737118804
56	K	I	0.16309770401456447
56	K	W	-1.098079944039847
56	K	Y	-0.5928821886112585
56	K	F	-0.46109377732882706
56	K	P	-0.5594923563622922
56	K	C	-0.5464767157070809
57	L	Q	-2.1877175910540774
57	L	E	-2.379937512778895
57	L	N	-2.8465596969314686
57	L	H	-1.8476205378342456
57	L	D	-2.9476235105281794
57	L	R	-2.571488475935526
57	L	K	-2.497505922173063
57	L	T	-1.5369040026517728
57	L	S	-2.354780073693027
57	L	A	-2.3068549336559867
57	L	G	-2.6197184254897117
57	L	M	-0.6261952736630536
57	L	V	-0.4455887969367871
57	L	I	0.07922628620871741
57	L	W	-0.7511708934395034
57	L	Y	-0.7132932488417292
57	L	F	-0.7258472511305132
57	L	P	-2.874984330217049
57	L	C	0.05882929321163388
